grad,size,bitrate,vmaf
0.00001,206794249,1166167.2337650894,96.79595418553761
0.00002,151209398,852709.6195259494,96.35096090592427
0.000030000000000000004,129023163,727595.5971451229,96.02583719590567
0.00004,114174589,643860.5776720416,95.72553745821959
0.00005,103827616,585511.2718301171,95.44873621860953
0.00006,96023642,541502.6071019473,95.1914297063764
0.00007000000000000001,89950559,507254.8925896555,94.95452144600107
0.00008,84824136,478345.6431403648,94.71989821443879
0.00009,80874397,456072.02467177727,94.5140499501277
0.0001,76797902,433083.5957353071,94.27674865670977
0.00011,73750414,415898.0082826681,94.08220841075568
0.00012,70594795,398102.64164243545,93.859055204247
0.00013000000000000002,68061738,383818.06608511764,93.66169213504861
0.00014000000000000001,65781966,370961.8313507798,93.46911808400151
0.00015000000000000001,63529255,358258.2007225306,93.26520967345144
0.00016,61438974,346470.55564366904,93.06545689737712
0.00017,59567808,335918.55775839277,92.87413471216256
0.00018,58141782,327876.8215701824,92.71952422307393
0.00019,56393853,318019.78958498547,92.51997252638992
0.0002,54784452,308943.9534760772,92.32426446444613
0.00021,53518947,301807.4374834787,92.16009572784675
0.00022,52491620,296014.0699621112,92.02124736088344
0.00023,51438366,290074.493259318,91.87166514709071
0.00024,50252750,283388.4923781831,91.70259617434719
0.00025,49148646,277162.1591329633,91.53494675037449
0.00026000000000000003,48210753,271873.1334919376,91.39202152406972
0.00027000000000000006,47224729,266312.6844655917,91.22942108135815
0.0002800000000000001,46302507,261112.03172085647,91.07196399374395
0.0002900000000000001,45367016,255836.5515904485,90.90328542132933
0.00030000000000000014,44626824,251662.41395717685,90.7692699147355
0.00031000000000000016,44070876,248527.27676447266,90.6640775444826
0.0003200000000000002,43339454,244402.5954709666,90.5199214578377
0.0003300000000000002,42662151,240583.10547184775,90.38160108635122
0.00034000000000000024,42091627,237365.77037624462,90.26181774781918
0.00035000000000000027,41258342,232666.65679795577,90.08243267677031
0.0003600000000000003,40734900,229714.82950039653,89.96845655940317
0.0003700000000000003,40331179,227438.14045290335,89.87451369545042
0.00038000000000000035,39692155,223834.51581637148,89.72383769906308
0.00039000000000000037,39368289,222008.15014538728,89.64711536716895
0.0004000000000000004,38967166,219746.11190413253,89.54887968173412
0.0004100000000000004,38447051,216813.04643580932,89.41770905025409
0.00042000000000000045,37879142,213610.45801392192,89.27220433985377
0.0004300000000000005,37521424,211593.1919992951,89.17801322142918
0.0004400000000000005,37084778,209130.83020530443,89.06500855649546
0.00045000000000000053,36550981,206120.6083355362,88.91606145481249
0.00046000000000000056,36232449,204324.32249537407,88.82572733386205
0.0004700000000000006,35897783,202437.05277998064,88.7293519954181
0.0004800000000000006,35402839,199645.93320997444,88.58681837853558
0.0004900000000000006,35029919,197542.9391135783,88.47400915675392
0.0005000000000000007,34735638,195883.41104943168,88.38423109090375
0.0005100000000000007,34360038,193765.30372720063,88.26779516562402
0.0005200000000000007,33925388,191314.19790289894,88.12995388210415
0.0005300000000000007,33708853,190093.10000881134,88.0620245858666
0.0005400000000000008,33385902,188271.8942638118,87.95662475607251
0.0005500000000000008,33009880,186151.4071724381,87.83391581681208
0.0005600000000000008,32687078,184331.04167768086,87.7238617169795
0.0005700000000000008,32333669,182338.07524892062,87.60214633486068
0.0005800000000000009,32184309,181495.79487179487,87.54883677695543
0.0005900000000000009,31877915,179767.95841043265,87.44072524463247
0.0006000000000000009,31686982,178691.2369371751,87.37083720783039
0.000610000000000001,31401417,177080.86069257202,87.26604977125741
0.000620000000000001,31144226,175630.49290686403,87.17142259705707
0.000630000000000001,30891616,174205.95858665963,87.06795439107708
0.000640000000000001,30771797,173530.26768878318,87.02296019311545
0.0006500000000000011,30552321,172292.5847211208,86.93478158143158
0.0006600000000000011,30366360,171243.90166534498,86.85729369001677
0.0006700000000000011,30070258,169574.10450259934,86.73202132234853
0.0006800000000000011,29880574,168504.42646929246,86.65473969368816
0.0006900000000000012,29669006,167311.33879636973,86.5633119652833
0.0007000000000000012,29592595,166880.43704291128,86.5303589728317
0.0007100000000000012,29375933,165658.62296237555,86.43745267195351
0.0007200000000000012,29264189,165028.46911622168,86.38819344147798
0.0007300000000000013,29077286,163974.47387435017,86.30238840353043
0.0007400000000000013,28875986,162839.29015772315,86.21118049308313
0.0007500000000000013,28766029,162219.2136752137,86.15978524991927
0.0007600000000000013,28676158,161712.4074367786,86.11983536288075
0.0007700000000000014,28558980,161051.60983346548,86.06456151707934
0.0007800000000000014,28361363,159937.1955238347,85.97014314500545
0.0007900000000000014,28284007,159500.96466649044,85.9336974581608
0.0008000000000000014,28155021,158773.57864128996,85.87055683232005
0.0008100000000000015,27920578,157451.49281875056,85.75298580938117
0.0008200000000000015,27852451,157067.3067230593,85.7189345567598
0.0008300000000000015,27688773,156144.2833729844,85.64201742223987
0.0008400000000000016,27547386,155346.96484271743,85.57159586850533
0.0008500000000000016,27377813,154390.69803506916,85.48803915152585
0.0008600000000000016,27278614,153831.2887479073,85.43577659849622
0.0008700000000000016,27132245,153005.87540752487,85.35634271266193
0.0008800000000000017,26942140,151933.8232443387,85.25589672549714
0.0008900000000000017,26885819,151616.2142920081,85.22954383340678
0.0009000000000000017,26766787,150944.9614944048,85.16469096777985
0.0009100000000000017,26734391,150762.2719182307,85.14593526063972
0.0009200000000000018,26679685,150453.77037624462,85.11710994892357
0.0009300000000000018,26602303,150017.3928980527,85.07532494636827
0.0009400000000000018,26497027,149423.7138073839,85.01488960454667
0.0009500000000000018,26319315,148421.54903515728,84.90562404343996
0.0009600000000000019,26319315,148421.54903515728,84.90562404343996
0.0009700000000000019,26263580,148107.24469116222,84.87515700046995
0.000980000000000002,26204257,147772.7066701912,84.84161588230977
0.000990000000000002,26115426,147271.76526566216,84.78845250606518
0.001000000000000002,26046083,146880.72182571152,84.75054971806624
0.001010000000000002,25971809,146461.87117807736,84.70376502931245
0.001020000000000002,25888310,145990.99832584368,84.65289905862485
0.001030000000000002,25792803,145452.4091990484,84.59098217834172
0.001040000000000002,25675067,144788.46488677416,84.52275322416072
0.001050000000000002,25552435,144096.91074103443,84.4475429834053
0.0010600000000000021,25478818,143681.7650894352,84.40292809607308
0.0010700000000000022,25396962,143220.1575469204,84.34899640623257
0.0010800000000000022,25320985,142791.7032337651,84.29870424492614
0.0010900000000000022,25292175,142629.2360560402,84.28082355999061
0.0011000000000000022,25249418,142388.11807207682,84.25439374388347
0.0011100000000000023,25202584,142124.00881134902,84.22514665509443
0.0011200000000000023,25149885,141826.825270949,84.19004815549096
0.0011300000000000023,25076079,141410.61379857257,84.14218179669284
0.0011400000000000023,25053726,141284.55934443563,84.12559242523574
0.0011500000000000024,25003724,141002.58489734778,84.09135104396867
0.0011600000000000024,24987756,140912.53713983612,84.08124160680828
0.0011700000000000024,24963595,140776.28689752403,84.06366191670341
0.0011800000000000024,24929432,140583.63274297293,84.03745167353956
0.0011900000000000025,24862448,140205.892325315,83.99327266496319
0.0012000000000000025,24846447,140115.6584721121,83.9820324033836
0.0012100000000000025,24825784,139999.13437307253,83.96696859329755
0.0012200000000000025,24785308,139770.87954885894,83.93945329926284
0.0012300000000000026,24766313,139663.76174112258,83.92541896936592
0.0012400000000000026,24713939,139368.41096131818,83.88647429638446
0.0012500000000000026,24704003,139312.3792404617,83.87936587167742
0.0012600000000000027,24694714,139259.99612300645,83.87300547325759
0.0012700000000000027,24635694,138927.1667988369,83.8293906537434
0.0012800000000000027,24602162,138738.07101947308,83.80337905160518
0.0012900000000000027,24573817,138578.2260992158,83.78282336898997
0.0013000000000000028,24558472,138491.69160278438,83.77039723737778
0.0013100000000000028,24555050,138472.39404352807,83.76732041933214
0.0013200000000000028,24523316,138293.4376597057,83.74255778882137
0.0013300000000000028,24501250,138169.00167415632,83.72321186169123
0.0013400000000000029,24471409,138000.72041589566,83.69739504164836
0.0013500000000000029,24441819,137833.8546127412,83.67401891914123
0.001360000000000003,24433263,137785.60507533705,83.66676977481136
0.001370000000000003,24402583,137612.59247510793,83.63991503098664
0.001380000000000003,24378907,137479.0772755309,83.6191550656446
0.001390000000000003,24299734,137032.59987664112,83.55198864551949
0.001400000000000003,24245588,136727.25632214293,83.50329216735693
0.001410000000000003,24209368,136523.00220283726,83.47109057867071
0.001420000000000003,24202404,136483.73037272005,83.46566799459575
0.001430000000000003,24189462,136410.7470261697,83.45620697297858
0.0014400000000000031,24160074,136245.02035421622,83.4301157366582
0.0014500000000000032,24129232,136071.094193321,83.40429196795611
0.0014600000000000032,24124414,136043.92422239843,83.40008828642762
0.0014700000000000032,24083012,135810.4474403031,83.36512359347377
0.0014800000000000032,24079903,135792.91497048197,83.36293951822485
0.0014900000000000033,24079903,135792.91497048197,83.36293951822485
0.0015000000000000033,24059124,135675.73671689135,83.34366644003882
0.0015100000000000033,24039725,135566.34064675303,83.32669011951131
0.0015200000000000033,24033136,135529.18354040003,83.3210018391342
0.0015300000000000034,24015321,135428.72006344172,83.3033796550651
0.0015400000000000034,23995535,135317.14159837872,83.28721572341179
0.0015500000000000034,23984564,135255.273239933,83.27606413384444
0.0015600000000000034,23972786,135188.85399594676,83.2667827742239
0.0015700000000000035,23968724,135165.94730813286,83.26376932560876
0.0015800000000000035,23954149,135083.75504449732,83.2525556748319
0.0015900000000000035,23942865,135020.12159661646,83.2426489053074
0.0016000000000000035,23942865,135020.12159661646,83.2426489053074
0.0016100000000000036,23917440,134876.74332540313,83.21995103683147
0.0016200000000000036,23894956,134749.95012776458,83.19913313167096
0.0016300000000000036,23859988,134552.75636619967,83.16404784133702
0.0016400000000000037,23859988,134552.75636619967,83.16404784133702
0.0016500000000000037,23837591,134426.4537844744,83.14173689076868
0.0016600000000000037,23816470,134307.34690281082,83.12412288151677
0.0016700000000000037,23812807,134286.69028108203,83.11989941912654
0.0016800000000000038,23801926,134225.32945633976,83.10915162537086
0.0016900000000000038,23743058,133893.35730020265,83.04855580330135
0.0017000000000000038,23726100,133797.72667195345,83.03150606429351
0.0017100000000000038,23701129,133656.90862631067,83.01233164974892
0.0017200000000000039,23693146,133611.8903868182,83.0030440602403
0.0017300000000000039,23682685,133552.89805269186,82.99119054524633
0.001740000000000004,23672215,133493.85496519518,82.98067008555824
0.001750000000000004,23654804,133395.66975063883,82.96499491262084
0.001760000000000004,23642274,133325.0097805974,82.95262706455787
0.001770000000000004,23626760,133237.52224865629,82.93720576858466
0.001780000000000004,23621403,133207.31271477664,82.93170160492853
0.001790000000000004,23618625,133191.64684113138,82.92867276141808
0.001800000000000004,23618625,133191.64684113138,82.92867276141808
0.001810000000000004,23618625,133191.64684113138,82.92867276141808
0.0018200000000000041,23616050,133177.1257379505,82.92560263670813
0.0018300000000000041,23612055,133154.59688078245,82.92126905574652
0.0018400000000000042,23604832,133113.8644814521,82.91292832111499
0.0018500000000000042,23604832,133113.8644814521,82.91292832111499
0.0018600000000000042,23594745,133056.9812318266,82.90208175736487
0.0018700000000000043,23542312,132761.2977354833,82.84282464381594
0.0018800000000000043,23542312,132761.2977354833,82.84282464381594
0.0018900000000000043,23542312,132761.2977354833,82.84282464381594
0.0019000000000000043,23542312,132761.2977354833,82.84282464381594
0.0019100000000000044,23541336,132755.79381443298,82.84175347049671
0.0019200000000000044,23541336,132755.79381443298,82.84175347049671
0.0019300000000000044,23537929,132736.58084412722,82.8388311836873
0.0019400000000000044,23524590,132661.3587100185,82.82516444849772
0.0019500000000000045,23524590,132661.3587100185,82.82516444849772
0.0019600000000000043,23524590,132661.3587100185,82.82516444849772
0.0019700000000000043,23524590,132661.3587100185,82.82516444849772
0.0019800000000000043,23524590,132661.3587100185,82.82516444849772
0.0019900000000000044,23524590,132661.3587100185,82.82516444849772
0.0020000000000000044,23524590,132661.3587100185,82.82516444849772
0.0020100000000000044,23514906,132606.74808353157,82.81450687458518
0.0020200000000000044,23509043,132573.68508238613,82.8080478766999
0.0020300000000000045,23509043,132573.68508238613,82.8080478766999
0.0020400000000000045,23509043,132573.68508238613,82.8080478766999
0.0020500000000000045,23496103,132500.7130143625,82.79269914418309
0.0020600000000000045,23491434,132474.38329368227,82.78759090363326
0.0020700000000000046,23476946,132392.68164596,82.77121304711139
0.0020800000000000046,23476946,132392.68164596,82.77121304711139
0.0020900000000000046,23476946,132392.68164596,82.77121304711139
0.0021000000000000046,23472335,132366.6790025553,82.76543385810795
0.0021100000000000047,23472335,132366.6790025553,82.76543385810795
0.0021200000000000047,23472335,132366.6790025553,82.76543385810795
0.0021300000000000047,23472335,132366.6790025553,82.76543385810795
0.0021400000000000047,23453019,132257.75099127676,82.74063029943906
0.0021500000000000048,23453019,132257.75099127676,82.74063029943906
0.002160000000000005,23453019,132257.75099127676,82.74063029943906
0.002170000000000005,23446844,132222.92853995948,82.73164033997126
0.002180000000000005,23446844,132222.92853995948,82.73164033997126
0.002190000000000005,23446844,132222.92853995948,82.73164033997126
0.002200000000000005,23446844,132222.92853995948,82.73164033997126
0.002210000000000005,23443807,132205.80209710106,82.7277483748642
0.002220000000000005,23443807,132205.80209710106,82.7277483748642
0.002230000000000005,23443807,132205.80209710106,82.7277483748642
0.002240000000000005,23441377,132192.098687109,82.7250526061915
0.002250000000000005,23441377,132192.098687109,82.7250526061915
0.002260000000000005,23431003,132133.59696889593,82.71301266672546
0.002270000000000005,23423509,132091.33632919198,82.70203696049585
0.002280000000000005,23423509,132091.33632919198,82.70203696049585
0.002290000000000005,23423509,132091.33632919198,82.70203696049585
0.002300000000000005,23423509,132091.33632919198,82.70203696049585
0.002310000000000005,23423509,132091.33632919198,82.70203696049585
0.0023200000000000052,23423509,132091.33632919198,82.70203696049585
0.0023300000000000052,23412768,132030.76500132168,82.68775900531624
0.0023400000000000053,23401441,131966.8890651159,82.6701857192411
0.0023500000000000053,23401441,131966.8890651159,82.6701857192411
0.0023600000000000053,23390531,131905.36470173585,82.6553908786384
0.0023700000000000053,23390531,131905.36470173585,82.6553908786384
0.0023800000000000054,23390531,131905.36470173585,82.6553908786384
0.0023900000000000054,23390531,131905.36470173585,82.6553908786384
0.0024000000000000054,23390531,131905.36470173585,82.6553908786384
0.0024100000000000055,23390531,131905.36470173585,82.6553908786384
0.0024200000000000055,23383581,131866.17182130582,82.64650789429322
0.0024300000000000055,23383581,131866.17182130582,82.64650789429322
0.0024400000000000055,23383581,131866.17182130582,82.64650789429322
0.0024500000000000056,23383581,131866.17182130582,82.64650789429322
0.0024600000000000056,23383581,131866.17182130582,82.64650789429322
0.0024700000000000056,23383581,131866.17182130582,82.64650789429322
0.0024800000000000056,23383581,131866.17182130582,82.64650789429322
0.0024900000000000057,23383581,131866.17182130582,82.64650789429322
0.0025000000000000057,23371839,131799.95559080094,82.62927009842281
0.0025100000000000057,23371839,131799.95559080094,82.62927009842281
0.0025200000000000057,23371839,131799.95559080094,82.62927009842281
0.0025300000000000058,23371839,131799.95559080094,82.62927009842281
0.002540000000000006,23371839,131799.95559080094,82.62927009842281
0.002550000000000006,23371839,131799.95559080094,82.62927009842281
0.002560000000000006,23371839,131799.95559080094,82.62927009842281
0.002570000000000006,23371839,131799.95559080094,82.62927009842281
0.002580000000000006,23371839,131799.95559080094,82.62927009842281
0.002590000000000006,23371839,131799.95559080094,82.62927009842281
0.002600000000000006,23368122,131778.9944488501,82.62413713639974
0.002610000000000006,23368122,131778.9944488501,82.62413713639974
0.002620000000000006,23368122,131778.9944488501,82.62413713639974
0.002630000000000006,23368122,131778.9944488501,82.62413713639974
0.002640000000000006,23368122,131778.9944488501,82.62413713639974
0.002650000000000006,23368122,131778.9944488501,82.62413713639974
0.002660000000000006,23368122,131778.9944488501,82.62413713639974
0.002670000000000006,23368122,131778.9944488501,82.62413713639974
0.002680000000000006,23368122,131778.9944488501,82.62413713639974
0.002690000000000006,23368122,131778.9944488501,82.62413713639974
0.002700000000000006,23360584,131736.48568155785,82.61409151605139
0.0027100000000000062,23360584,131736.48568155785,82.61409151605139
0.0027200000000000063,23360584,131736.48568155785,82.61409151605139
0.0027300000000000063,23360584,131736.48568155785,82.61409151605139
0.0027400000000000063,23360584,131736.48568155785,82.61409151605139
0.0027500000000000063,23354503,131702.19332099744,82.60330788260352
0.0027600000000000064,23354503,131702.19332099744,82.60330788260352
0.0027700000000000064,23354503,131702.19332099744,82.60330788260352
0.0027800000000000064,23354503,131702.19332099744,82.60330788260352
0.0027900000000000065,23354503,131702.19332099744,82.60330788260352
0.0028000000000000065,23354503,131702.19332099744,82.60330788260352
0.0028100000000000065,23354503,131702.19332099744,82.60330788260352
0.0028200000000000065,23354503,131702.19332099744,82.60330788260352
0.0028300000000000066,23354503,131702.19332099744,82.60330788260352
0.0028400000000000066,23354503,131702.19332099744,82.60330788260352
0.0028500000000000066,23354503,131702.19332099744,82.60330788260352
0.0028600000000000066,23349031,131671.33527183012,82.59423154460016
0.0028700000000000067,23349031,131671.33527183012,82.59423154460016
0.0028800000000000067,23349031,131671.33527183012,82.59423154460016
0.0028900000000000067,23345233,131649.91734954622,82.58843222480692
0.0029000000000000067,23345233,131649.91734954622,82.58843222480692
0.0029100000000000068,23345233,131649.91734954622,82.58843222480692
0.002920000000000007,23345233,131649.91734954622,82.58843222480692
0.002930000000000007,23345233,131649.91734954622,82.58843222480692
0.002940000000000007,23345233,131649.91734954622,82.58843222480692
0.002950000000000007,23345233,131649.91734954622,82.58843222480692
0.002960000000000007,23345233,131649.91734954622,82.58843222480692
0.002970000000000007,23338491,131611.89743589744,82.57970073316304
0.002980000000000007,23338491,131611.89743589744,82.57970073316304
0.002990000000000007,23338491,131611.89743589744,82.57970073316304
0.003000000000000007,23338491,131611.89743589744,82.57970073316304
0.003010000000000007,23338491,131611.89743589744,82.57970073316304
0.003020000000000007,23338491,131611.89743589744,82.57970073316304
0.003030000000000007,23338491,131611.89743589744,82.57970073316304
0.003040000000000007,23338491,131611.89743589744,82.57970073316304
0.003050000000000007,23330152,131564.8716186448,82.56723582632837
0.003060000000000007,23330152,131564.8716186448,82.56723582632837
0.003070000000000007,23326774,131545.82218697682,82.56007803785948
0.003080000000000007,23326774,131545.82218697682,82.56007803785948
0.0030900000000000072,23326774,131545.82218697682,82.56007803785948
0.0031000000000000073,23326774,131545.82218697682,82.56007803785948
0.0031100000000000073,23326774,131545.82218697682,82.56007803785948
0.0031200000000000073,23326774,131545.82218697682,82.56007803785948
0.0031300000000000073,23326774,131545.82218697682,82.56007803785948
0.0031400000000000074,23326774,131545.82218697682,82.56007803785948
0.0031500000000000074,23326774,131545.82218697682,82.56007803785948
0.0031600000000000074,23326774,131545.82218697682,82.56007803785948
0.0031700000000000074,23326774,131545.82218697682,82.56007803785948
0.0031800000000000075,23326774,131545.82218697682,82.56007803785948
0.0031900000000000075,23326774,131545.82218697682,82.56007803785948
0.0032000000000000075,23326774,131545.82218697682,82.56007803785948
0.0032100000000000076,23326774,131545.82218697682,82.56007803785948
0.0032200000000000076,23326774,131545.82218697682,82.56007803785948
0.0032300000000000076,23326774,131545.82218697682,82.56007803785948
0.0032400000000000076,23326774,131545.82218697682,82.56007803785948
0.0032500000000000077,23326774,131545.82218697682,82.56007803785948
0.0032600000000000077,23326774,131545.82218697682,82.56007803785948
0.0032700000000000077,23326774,131545.82218697682,82.56007803785948
0.0032800000000000077,23326774,131545.82218697682,82.56007803785948
0.0032900000000000078,23326774,131545.82218697682,82.56007803785948
0.003300000000000008,23326774,131545.82218697682,82.56007803785948
0.003310000000000008,23326774,131545.82218697682,82.56007803785948
0.003320000000000008,23326774,131545.82218697682,82.56007803785948
0.003330000000000008,23326774,131545.82218697682,82.56007803785948
0.003340000000000008,23326774,131545.82218697682,82.56007803785948
0.003350000000000008,23320819,131512.2403736012,82.54946369627285
0.003360000000000008,23320819,131512.2403736012,82.54946369627285
0.003370000000000008,23320819,131512.2403736012,82.54946369627285
0.003380000000000008,23320819,131512.2403736012,82.54946369627285
0.003390000000000008,23320819,131512.2403736012,82.54946369627285
0.003400000000000008,23320819,131512.2403736012,82.54946369627285
0.003410000000000008,23320819,131512.2403736012,82.54946369627285
0.003420000000000008,23320819,131512.2403736012,82.54946369627285
0.003430000000000008,23320819,131512.2403736012,82.54946369627285
0.003440000000000008,23320819,131512.2403736012,82.54946369627285
0.003450000000000008,23320819,131512.2403736012,82.54946369627285
0.003460000000000008,23320819,131512.2403736012,82.54946369627285
0.0034700000000000082,23320819,131512.2403736012,82.54946369627285
0.0034800000000000083,23320819,131512.2403736012,82.54946369627285
0.0034900000000000083,23320819,131512.2403736012,82.54946369627285
0.0035000000000000083,23320819,131512.2403736012,82.54946369627285
0.0035100000000000083,23320819,131512.2403736012,82.54946369627285
0.0035200000000000084,23320819,131512.2403736012,82.54946369627285
0.0035300000000000084,23320819,131512.2403736012,82.54946369627285
0.0035400000000000084,23320819,131512.2403736012,82.54946369627285
0.0035500000000000084,23315691,131483.32223103358,82.54138401242405
0.0035600000000000085,23315691,131483.32223103358,82.54138401242405
0.0035700000000000085,23315691,131483.32223103358,82.54138401242405
0.0035800000000000085,23308499,131442.76464886774,82.52886366534501
0.0035900000000000085,23301911,131405.61318177814,82.51681829183192
0.0036000000000000086,23301911,131405.61318177814,82.51681829183192
0.0036100000000000086,23301911,131405.61318177814,82.51681829183192
0.0036200000000000086,23301911,131405.61318177814,82.51681829183192
0.0036300000000000087,23301911,131405.61318177814,82.51681829183192
0.0036400000000000087,23301911,131405.61318177814,82.51681829183192
0.0036500000000000087,23301911,131405.61318177814,82.51681829183192
0.0036600000000000087,23301911,131405.61318177814,82.51681829183192
0.0036700000000000088,23301911,131405.61318177814,82.51681829183192
0.003680000000000009,23301911,131405.61318177814,82.51681829183192
0.003690000000000009,23301911,131405.61318177814,82.51681829183192
0.003700000000000009,23301911,131405.61318177814,82.51681829183192
0.003710000000000009,23301911,131405.61318177814,82.51681829183192
0.003720000000000009,23301911,131405.61318177814,82.51681829183192
0.003730000000000009,23301911,131405.61318177814,82.51681829183192
0.003740000000000009,23301911,131405.61318177814,82.51681829183192
0.003750000000000009,23301911,131405.61318177814,82.51681829183192
0.003760000000000009,23301911,131405.61318177814,82.51681829183192
0.003770000000000009,23301911,131405.61318177814,82.51681829183192
0.003780000000000009,23301911,131405.61318177814,82.51681829183192
0.003790000000000009,23301911,131405.61318177814,82.51681829183192
0.003800000000000009,23301911,131405.61318177814,82.51681829183192
0.003810000000000009,23301911,131405.61318177814,82.51681829183192
0.003820000000000009,23301911,131405.61318177814,82.51681829183192
0.003830000000000009,23301911,131405.61318177814,82.51681829183192
0.003840000000000009,23301911,131405.61318177814,82.51681829183192
0.0038500000000000092,23301911,131405.61318177814,82.51681829183192
0.0038600000000000093,23301911,131405.61318177814,82.51681829183192
0.0038700000000000093,23301911,131405.61318177814,82.51681829183192
0.0038800000000000093,23301911,131405.61318177814,82.51681829183192
0.0038900000000000093,23301911,131405.61318177814,82.51681829183192
0.0039000000000000094,23301911,131405.61318177814,82.51681829183192
0.003910000000000009,23301911,131405.61318177814,82.51681829183192
0.0039200000000000085,23301911,131405.61318177814,82.51681829183192
0.003930000000000008,23301911,131405.61318177814,82.51681829183192
0.003940000000000008,23301911,131405.61318177814,82.51681829183192
0.003950000000000007,23301911,131405.61318177814,82.51681829183192
0.003960000000000007,23301911,131405.61318177814,82.51681829183192
0.0039700000000000065,23301911,131405.61318177814,82.51681829183192
0.003980000000000006,23301911,131405.61318177814,82.51681829183192
0.003990000000000006,23301911,131405.61318177814,82.51681829183192
0.004000000000000005,23301911,131405.61318177814,82.51681829183192
0.004010000000000005,23301911,131405.61318177814,82.51681829183192
0.0040200000000000045,23301911,131405.61318177814,82.51681829183192
0.004030000000000004,23301911,131405.61318177814,82.51681829183192
0.004040000000000004,23301911,131405.61318177814,82.51681829183192
0.004050000000000003,23301911,131405.61318177814,82.51681829183192
0.004060000000000003,23301911,131405.61318177814,82.51681829183192
0.0040700000000000024,23298001,131383.56366199665,82.50823929526835
0.004080000000000002,23298001,131383.56366199665,82.50823929526835
0.004090000000000002,23298001,131383.56366199665,82.50823929526835
0.004100000000000001,23298001,131383.56366199665,82.50823929526835
0.004110000000000001,23298001,131383.56366199665,82.50823929526835
0.00412,23298001,131383.56366199665,82.50823929526835
0.00413,23298001,131383.56366199665,82.50823929526835
0.00414,23298001,131383.56366199665,82.50823929526835
0.004149999999999999,23298001,131383.56366199665,82.50823929526835
0.004159999999999999,23298001,131383.56366199665,82.50823929526835
0.004169999999999998,23298001,131383.56366199665,82.50823929526835
0.004179999999999998,23298001,131383.56366199665,82.50823929526835
0.0041899999999999975,23298001,131383.56366199665,82.50823929526835
0.004199999999999997,23298001,131383.56366199665,82.50823929526835
0.004209999999999997,23298001,131383.56366199665,82.50823929526835
0.004219999999999996,23298001,131383.56366199665,82.50823929526835
0.004229999999999996,23298001,131383.56366199665,82.50823929526835
0.0042399999999999955,23298001,131383.56366199665,82.50823929526835
0.004249999999999995,23298001,131383.56366199665,82.50823929526835
0.004259999999999995,23298001,131383.56366199665,82.50823929526835
0.004269999999999994,23298001,131383.56366199665,82.50823929526835
0.004279999999999994,23298001,131383.56366199665,82.50823929526835
0.0042899999999999935,23298001,131383.56366199665,82.50823929526835
0.004299999999999993,23298001,131383.56366199665,82.50823929526835
0.004309999999999993,23298001,131383.56366199665,82.50823929526835
0.004319999999999992,23298001,131383.56366199665,82.50823929526835
0.004329999999999992,23298001,131383.56366199665,82.50823929526835
0.0043399999999999914,23298001,131383.56366199665,82.50823929526835
0.004349999999999991,23298001,131383.56366199665,82.50823929526835
0.004359999999999991,23298001,131383.56366199665,82.50823929526835
0.00436999999999999,23292580,131352.99321526126,82.49305886266049
0.00437999999999999,23292580,131352.99321526126,82.49305886266049
0.004389999999999989,23292580,131352.99321526126,82.49305886266049
0.004399999999999989,23292580,131352.99321526126,82.49305886266049
0.004409999999999989,23292580,131352.99321526126,82.49305886266049
0.004419999999999988,23292580,131352.99321526126,82.49305886266049
0.004429999999999988,23292580,131352.99321526126,82.49305886266049
0.004439999999999987,23292580,131352.99321526126,82.49305886266049
0.004449999999999987,23292580,131352.99321526126,82.49305886266049
0.0044599999999999865,23292580,131352.99321526126,82.49305886266049
0.004469999999999986,23292580,131352.99321526126,82.49305886266049
0.004479999999999986,23292580,131352.99321526126,82.49305886266049
0.004489999999999985,23292580,131352.99321526126,82.49305886266049
0.004499999999999985,23292580,131352.99321526126,82.49305886266049
0.0045099999999999845,23292580,131352.99321526126,82.49305886266049
0.004519999999999984,23292580,131352.99321526126,82.49305886266049
0.004529999999999984,23292580,131352.99321526126,82.49305886266049
0.004539999999999983,23292580,131352.99321526126,82.49305886266049
0.004549999999999983,23292580,131352.99321526126,82.49305886266049
0.0045599999999999825,23292580,131352.99321526126,82.49305886266049
0.004569999999999982,23292580,131352.99321526126,82.49305886266049
0.004579999999999982,23292580,131352.99321526126,82.49305886266049
0.004589999999999981,23292580,131352.99321526126,82.49305886266049
0.004599999999999981,23292580,131352.99321526126,82.49305886266049
0.00460999999999998,23292580,131352.99321526126,82.49305886266049
0.00461999999999998,23292580,131352.99321526126,82.49305886266049
0.00462999999999998,23292580,131352.99321526126,82.49305886266049
0.004639999999999979,23292580,131352.99321526126,82.49305886266049
0.004649999999999979,23292580,131352.99321526126,82.49305886266049
0.004659999999999978,23292580,131352.99321526126,82.49305886266049
0.004669999999999978,23292580,131352.99321526126,82.49305886266049
0.004679999999999978,23292580,131352.99321526126,82.49305886266049
0.004689999999999977,23292580,131352.99321526126,82.49305886266049
0.004699999999999977,23292580,131352.99321526126,82.49305886266049
0.004709999999999976,23292580,131352.99321526126,82.49305886266049
0.004719999999999976,23292580,131352.99321526126,82.49305886266049
0.0047299999999999755,23292580,131352.99321526126,82.49305886266049
0.004739999999999975,23292580,131352.99321526126,82.49305886266049
0.004749999999999975,23292580,131352.99321526126,82.49305886266049
0.004759999999999974,23292580,131352.99321526126,82.49305886266049
0.004769999999999974,23292580,131352.99321526126,82.49305886266049
0.0047799999999999735,23279113,131277.049255441,82.45429324066737
0.004789999999999973,23279113,131277.049255441,82.45429324066737
0.004799999999999973,23279113,131277.049255441,82.45429324066737
0.004809999999999972,23279113,131277.049255441,82.45429324066737
0.004819999999999972,23279113,131277.049255441,82.45429324066737
0.0048299999999999715,23279113,131277.049255441,82.45429324066737
0.004839999999999971,23279113,131277.049255441,82.45429324066737
0.004849999999999971,23279113,131277.049255441,82.45429324066737
0.00485999999999997,23279113,131277.049255441,82.45429324066737
0.00486999999999997,23279113,131277.049255441,82.45429324066737
0.004879999999999969,23279113,131277.049255441,82.45429324066737
0.004889999999999969,23279113,131277.049255441,82.45429324066737
0.004899999999999969,23279113,131277.049255441,82.45429324066737
0.004909999999999968,23279113,131277.049255441,82.45429324066737
0.004919999999999968,23279113,131277.049255441,82.45429324066737
0.004929999999999967,23279113,131277.049255441,82.45429324066737
0.004939999999999967,23279113,131277.049255441,82.45429324066737
0.004949999999999967,23279113,131277.049255441,82.45429324066737
0.004959999999999966,23279113,131277.049255441,82.45429324066737
0.004969999999999966,23279113,131277.049255441,82.45429324066737
0.004979999999999965,23279113,131277.049255441,82.45429324066737
0.004989999999999965,23279113,131277.049255441,82.45429324066737
0.0049999999999999645,23279113,131277.049255441,82.45429324066737
0.005009999999999964,23279113,131277.049255441,82.45429324066737
0.005019999999999964,23279113,131277.049255441,82.45429324066737
0.005029999999999963,23279113,131277.049255441,82.45429324066737
0.005039999999999963,23279113,131277.049255441,82.45429324066737
0.0050499999999999625,23279113,131277.049255441,82.45429324066737
0.005059999999999962,23279113,131277.049255441,82.45429324066737
0.005069999999999962,23279113,131277.049255441,82.45429324066737
0.005079999999999961,23279113,131277.049255441,82.45429324066737
0.005089999999999961,23279113,131277.049255441,82.45429324066737
0.0050999999999999605,23279113,131277.049255441,82.45429324066737
0.00510999999999996,23279113,131277.049255441,82.45429324066737
0.00511999999999996,23279113,131277.049255441,82.45429324066737
0.005129999999999959,23279113,131277.049255441,82.45429324066737
0.005139999999999959,23279113,131277.049255441,82.45429324066737
0.005149999999999958,23279113,131277.049255441,82.45429324066737
0.005159999999999958,23279113,131277.049255441,82.45429324066737
0.005169999999999958,23279113,131277.049255441,82.45429324066737
0.005179999999999957,23279113,131277.049255441,82.45429324066737
0.005189999999999957,23279113,131277.049255441,82.45429324066737
0.005199999999999956,23279113,131277.049255441,82.45429324066737
0.005209999999999956,23279113,131277.049255441,82.45429324066737
0.005219999999999956,23279113,131277.049255441,82.45429324066737
0.005229999999999955,23279113,131277.049255441,82.45429324066737
0.005239999999999955,23279113,131277.049255441,82.45429324066737
0.005249999999999954,23279113,131277.049255441,82.45429324066737
0.005259999999999954,23279113,131277.049255441,82.45429324066737
0.0052699999999999535,23279113,131277.049255441,82.45429324066737
0.005279999999999953,23279113,131277.049255441,82.45429324066737
0.005289999999999953,23279113,131277.049255441,82.45429324066737
0.005299999999999952,23279113,131277.049255441,82.45429324066737
0.005309999999999952,23279113,131277.049255441,82.45429324066737
0.0053199999999999515,23279113,131277.049255441,82.45429324066737
0.005329999999999951,23279113,131277.049255441,82.45429324066737
0.005339999999999951,23279113,131277.049255441,82.45429324066737
0.00534999999999995,23279113,131277.049255441,82.45429324066737
0.00535999999999995,23279113,131277.049255441,82.45429324066737
0.0053699999999999495,23279113,131277.049255441,82.45429324066737
0.005379999999999949,23279113,131277.049255441,82.45429324066737
0.005389999999999949,23279113,131277.049255441,82.45429324066737
0.005399999999999948,23279113,131277.049255441,82.45429324066737
0.005409999999999948,23279113,131277.049255441,82.45429324066737
0.005419999999999947,23279113,131277.049255441,82.45429324066737
0.005429999999999947,23279113,131277.049255441,82.45429324066737
0.005439999999999947,23279113,131277.049255441,82.45429324066737
0.005449999999999946,23279113,131277.049255441,82.45429324066737
0.005459999999999946,23279113,131277.049255441,82.45429324066737
0.005469999999999945,23279113,131277.049255441,82.45429324066737
0.005479999999999945,23279113,131277.049255441,82.45429324066737
0.005489999999999945,23279113,131277.049255441,82.45429324066737
0.005499999999999944,23279113,131277.049255441,82.45429324066737
0.005509999999999944,23279113,131277.049255441,82.45429324066737
0.005519999999999943,23278332,131272.6449907481,82.4534236251359
0.005529999999999943,23278332,131272.6449907481,82.4534236251359
0.0055399999999999425,23278332,131272.6449907481,82.4534236251359
0.005549999999999942,23278332,131272.6449907481,82.4534236251359
0.005559999999999942,23278332,131272.6449907481,82.4534236251359
0.005569999999999941,23278332,131272.6449907481,82.4534236251359
0.005579999999999941,23278332,131272.6449907481,82.4534236251359
0.0055899999999999405,23278332,131272.6449907481,82.4534236251359
0.00559999999999994,23278332,131272.6449907481,82.4534236251359
0.00560999999999994,23278332,131272.6449907481,82.4534236251359
0.005619999999999939,23278332,131272.6449907481,82.4534236251359
0.005629999999999939,23278332,131272.6449907481,82.4534236251359
0.0056399999999999385,23278332,131272.6449907481,82.4534236251359
0.005649999999999938,23278332,131272.6449907481,82.4534236251359
0.005659999999999938,23278332,131272.6449907481,82.4534236251359
0.005669999999999937,23278332,131272.6449907481,82.4534236251359
0.005679999999999937,23278332,131272.6449907481,82.4534236251359
0.005689999999999936,23278332,131272.6449907481,82.4534236251359
0.005699999999999936,23278332,131272.6449907481,82.4534236251359
0.005709999999999936,23278332,131272.6449907481,82.4534236251359
0.005719999999999935,23278332,131272.6449907481,82.4534236251359
0.005729999999999935,23278332,131272.6449907481,82.4534236251359
0.005739999999999934,23278332,131272.6449907481,82.4534236251359
0.005749999999999934,23278332,131272.6449907481,82.4534236251359
0.005759999999999934,23278332,131272.6449907481,82.4534236251359
0.005769999999999933,23278332,131272.6449907481,82.4534236251359
0.005779999999999933,23278332,131272.6449907481,82.4534236251359
0.005789999999999932,23278332,131272.6449907481,82.4534236251359
0.005799999999999932,23278332,131272.6449907481,82.4534236251359
0.0058099999999999315,23278332,131272.6449907481,82.4534236251359
0.005819999999999931,23278332,131272.6449907481,82.4534236251359
0.005829999999999931,23278332,131272.6449907481,82.4534236251359
0.00583999999999993,23278332,131272.6449907481,82.4534236251359
0.00584999999999993,23278332,131272.6449907481,82.4534236251359
0.0058599999999999295,23278332,131272.6449907481,82.4534236251359
0.005869999999999929,23278332,131272.6449907481,82.4534236251359
0.005879999999999929,23278332,131272.6449907481,82.4534236251359
0.005889999999999928,23278332,131272.6449907481,82.4534236251359
0.005899999999999928,23278332,131272.6449907481,82.4534236251359
0.0059099999999999275,23278332,131272.6449907481,82.4534236251359
0.005919999999999927,23278332,131272.6449907481,82.4534236251359
0.005929999999999927,23278332,131272.6449907481,82.4534236251359
0.005939999999999926,23278332,131272.6449907481,82.4534236251359
0.005949999999999926,23278332,131272.6449907481,82.4534236251359
0.005959999999999925,23278332,131272.6449907481,82.4534236251359
0.005969999999999925,23278332,131272.6449907481,82.4534236251359
0.005979999999999925,23278332,131272.6449907481,82.4534236251359
0.005989999999999924,23278332,131272.6449907481,82.4534236251359
0.005999999999999924,23278332,131272.6449907481,82.4534236251359
0.006009999999999923,23278332,131272.6449907481,82.4534236251359
0.006019999999999923,23278332,131272.6449907481,82.4534236251359
0.006029999999999923,23278332,131272.6449907481,82.4534236251359
0.006039999999999922,23278332,131272.6449907481,82.4534236251359
0.006049999999999922,23278332,131272.6449907481,82.4534236251359
0.006059999999999921,23278332,131272.6449907481,82.4534236251359
0.006069999999999921,23278332,131272.6449907481,82.4534236251359
0.0060799999999999205,23278332,131272.6449907481,82.4534236251359
0.00608999999999992,23278332,131272.6449907481,82.4534236251359
0.00609999999999992,23278332,131272.6449907481,82.4534236251359
0.006109999999999919,23278332,131272.6449907481,82.4534236251359
0.006119999999999919,23278332,131272.6449907481,82.4534236251359
0.0061299999999999185,23278332,131272.6449907481,82.4534236251359
0.006139999999999918,23278332,131272.6449907481,82.4534236251359
0.006149999999999918,23278332,131272.6449907481,82.4534236251359
0.006159999999999917,23278332,131272.6449907481,82.4534236251359
0.006169999999999917,23278332,131272.6449907481,82.4534236251359
0.0061799999999999165,23278332,131272.6449907481,82.4534236251359
0.006189999999999916,23278332,131272.6449907481,82.4534236251359
0.006199999999999916,23278332,131272.6449907481,82.4534236251359
0.006209999999999915,23278332,131272.6449907481,82.4534236251359
0.006219999999999915,23278332,131272.6449907481,82.4534236251359
0.006229999999999914,23278332,131272.6449907481,82.4534236251359
0.006239999999999914,23278332,131272.6449907481,82.4534236251359
0.006249999999999914,23278332,131272.6449907481,82.4534236251359
0.006259999999999913,23278332,131272.6449907481,82.4534236251359
0.006269999999999913,23278332,131272.6449907481,82.4534236251359
0.006279999999999912,23278332,131272.6449907481,82.4534236251359
0.006289999999999912,23278332,131272.6449907481,82.4534236251359
0.006299999999999912,23278332,131272.6449907481,82.4534236251359
0.006309999999999911,23278332,131272.6449907481,82.4534236251359
0.006319999999999911,23278332,131272.6449907481,82.4534236251359
0.00632999999999991,23278332,131272.6449907481,82.4534236251359
0.00633999999999991,23278332,131272.6449907481,82.4534236251359
0.0063499999999999095,23278332,131272.6449907481,82.4534236251359
0.006359999999999909,23278332,131272.6449907481,82.4534236251359
0.006369999999999909,23278332,131272.6449907481,82.4534236251359
0.006379999999999908,23278332,131272.6449907481,82.4534236251359
0.006389999999999908,23278332,131272.6449907481,82.4534236251359
0.0063999999999999075,23278332,131272.6449907481,82.4534236251359
0.006409999999999907,23278332,131272.6449907481,82.4534236251359
0.006419999999999907,23278332,131272.6449907481,82.4534236251359
0.006429999999999906,23278332,131272.6449907481,82.4534236251359
0.006439999999999906,23278332,131272.6449907481,82.4534236251359
0.0064499999999999055,23278332,131272.6449907481,82.4534236251359
0.006459999999999905,23278332,131272.6449907481,82.4534236251359
0.006469999999999905,23278332,131272.6449907481,82.4534236251359
0.006479999999999904,23278332,131272.6449907481,82.4534236251359
0.006489999999999904,23278332,131272.6449907481,82.4534236251359
0.006499999999999903,23278332,131272.6449907481,82.4534236251359
0.006509999999999903,23278332,131272.6449907481,82.4534236251359
0.006519999999999903,23278332,131272.6449907481,82.4534236251359
0.006529999999999902,23278332,131272.6449907481,82.4534236251359
0.006539999999999902,23278332,131272.6449907481,82.4534236251359
0.006549999999999901,23278332,131272.6449907481,82.4534236251359
0.006559999999999901,23278332,131272.6449907481,82.4534236251359
0.006569999999999901,23278332,131272.6449907481,82.4534236251359
0.0065799999999999,23278332,131272.6449907481,82.4534236251359
0.0065899999999999,23278332,131272.6449907481,82.4534236251359
0.006599999999999899,23278332,131272.6449907481,82.4534236251359
0.006609999999999899,23278332,131272.6449907481,82.4534236251359
0.0066199999999998985,23278332,131272.6449907481,82.4534236251359
0.006629999999999898,23278332,131272.6449907481,82.4534236251359
0.006639999999999898,23278332,131272.6449907481,82.4534236251359
0.006649999999999897,23278332,131272.6449907481,82.4534236251359
0.006659999999999897,23278332,131272.6449907481,82.4534236251359
0.0066699999999998965,23278332,131272.6449907481,82.4534236251359
0.006679999999999896,23278332,131272.6449907481,82.4534236251359
0.006689999999999896,23278332,131272.6449907481,82.4534236251359
0.006699999999999895,23278332,131272.6449907481,82.4534236251359
0.006709999999999895,23278332,131272.6449907481,82.4534236251359
0.0067199999999998945,23278332,131272.6449907481,82.4534236251359
0.006729999999999894,23278332,131272.6449907481,82.4534236251359
0.006739999999999894,23278332,131272.6449907481,82.4534236251359
0.006749999999999893,23278332,131272.6449907481,82.4534236251359
0.006759999999999893,23278332,131272.6449907481,82.4534236251359
0.006769999999999892,23278332,131272.6449907481,82.4534236251359
0.006779999999999892,23278332,131272.6449907481,82.4534236251359
0.006789999999999892,23278332,131272.6449907481,82.4534236251359
0.006799999999999891,23278332,131272.6449907481,82.4534236251359
0.006809999999999891,23278332,131272.6449907481,82.4534236251359
0.00681999999999989,23278332,131272.6449907481,82.4534236251359
0.00682999999999989,23278332,131272.6449907481,82.4534236251359
0.00683999999999989,23278332,131272.6449907481,82.4534236251359
0.006849999999999889,23278332,131272.6449907481,82.4534236251359
0.006859999999999889,23278332,131272.6449907481,82.4534236251359
0.006869999999999888,23278332,131272.6449907481,82.4534236251359
0.006879999999999888,23278332,131272.6449907481,82.4534236251359
0.0068899999999998875,23278332,131272.6449907481,82.4534236251359
0.006899999999999887,23278332,131272.6449907481,82.4534236251359
0.006909999999999887,23278332,131272.6449907481,82.4534236251359
0.006919999999999886,23278332,131272.6449907481,82.4534236251359
0.006929999999999886,23278332,131272.6449907481,82.4534236251359
0.0069399999999998855,23278332,131272.6449907481,82.4534236251359
0.006949999999999885,23278332,131272.6449907481,82.4534236251359
0.006959999999999885,23278332,131272.6449907481,82.4534236251359
0.006969999999999884,23278332,131272.6449907481,82.4534236251359
0.006979999999999884,23278332,131272.6449907481,82.4534236251359
0.0069899999999998835,23278332,131272.6449907481,82.4534236251359
0.006999999999999883,23278332,131272.6449907481,82.4534236251359
0.007009999999999883,23278332,131272.6449907481,82.4534236251359
0.007019999999999882,23278332,131272.6449907481,82.4534236251359
0.007029999999999882,23278332,131272.6449907481,82.4534236251359
0.007039999999999881,23278332,131272.6449907481,82.4534236251359
0.007049999999999881,23278332,131272.6449907481,82.4534236251359
0.007059999999999881,23278332,131272.6449907481,82.4534236251359
0.00706999999999988,23278332,131272.6449907481,82.4534236251359
0.00707999999999988,23278332,131272.6449907481,82.4534236251359
0.007089999999999879,23278332,131272.6449907481,82.4534236251359
0.007099999999999879,23278332,131272.6449907481,82.4534236251359
0.007109999999999879,23278332,131272.6449907481,82.4534236251359
0.007119999999999878,23278332,131272.6449907481,82.4534236251359
0.007129999999999878,23278332,131272.6449907481,82.4534236251359
0.007139999999999877,23278332,131272.6449907481,82.4534236251359
0.007149999999999877,23278332,131272.6449907481,82.4534236251359
0.0071599999999998765,23278332,131272.6449907481,82.4534236251359
0.007169999999999876,23278332,131272.6449907481,82.4534236251359
0.007179999999999876,23278332,131272.6449907481,82.4534236251359
0.007189999999999875,23278332,131272.6449907481,82.4534236251359
0.007199999999999875,23278332,131272.6449907481,82.4534236251359
0.0072099999999998745,23278332,131272.6449907481,82.4534236251359
0.007219999999999874,23278332,131272.6449907481,82.4534236251359
0.007229999999999874,23278332,131272.6449907481,82.4534236251359
0.007239999999999873,23278332,131272.6449907481,82.4534236251359
0.007249999999999873,23278332,131272.6449907481,82.4534236251359
0.0072599999999998725,23278332,131272.6449907481,82.4534236251359
0.007269999999999872,23278332,131272.6449907481,82.4534236251359
0.007279999999999872,23278332,131272.6449907481,82.4534236251359
0.007289999999999871,23278332,131272.6449907481,82.4534236251359
0.007299999999999871,23278332,131272.6449907481,82.4534236251359
0.00730999999999987,23278332,131272.6449907481,82.4534236251359
0.00731999999999987,23278332,131272.6449907481,82.4534236251359
0.00732999999999987,23278332,131272.6449907481,82.4534236251359
0.007339999999999869,23278332,131272.6449907481,82.4534236251359
0.007349999999999869,23278332,131272.6449907481,82.4534236251359
0.007359999999999868,23278332,131272.6449907481,82.4534236251359
0.007369999999999868,23278332,131272.6449907481,82.4534236251359
0.007379999999999868,23278332,131272.6449907481,82.4534236251359
0.007389999999999867,23278332,131272.6449907481,82.4534236251359
0.007399999999999867,23278332,131272.6449907481,82.4534236251359
0.007409999999999866,23278332,131272.6449907481,82.4534236251359
0.007419999999999866,23278332,131272.6449907481,82.4534236251359
0.0074299999999998655,23278332,131272.6449907481,82.4534236251359
0.007439999999999865,23278332,131272.6449907481,82.4534236251359
0.007449999999999865,23278332,131272.6449907481,82.4534236251359
0.007459999999999864,23278332,131272.6449907481,82.4534236251359
0.007469999999999864,23278332,131272.6449907481,82.4534236251359
0.0074799999999998635,23278332,131272.6449907481,82.4534236251359
0.007489999999999863,23278332,131272.6449907481,82.4534236251359
0.007499999999999863,23278332,131272.6449907481,82.4534236251359
0.007509999999999862,23278332,131272.6449907481,82.4534236251359
0.007519999999999862,23278332,131272.6449907481,82.4534236251359
0.0075299999999998615,23278332,131272.6449907481,82.4534236251359
0.007539999999999861,23278332,131272.6449907481,82.4534236251359
0.007549999999999861,23278332,131272.6449907481,82.4534236251359
0.00755999999999986,23278332,131272.6449907481,82.4534236251359
0.00756999999999986,23278332,131272.6449907481,82.4534236251359
0.007579999999999859,23278332,131272.6449907481,82.4534236251359
0.007589999999999859,23278332,131272.6449907481,82.4534236251359
0.007599999999999859,23278332,131272.6449907481,82.4534236251359
0.007609999999999858,23278332,131272.6449907481,82.4534236251359
0.007619999999999858,23278332,131272.6449907481,82.4534236251359
0.007629999999999857,23278332,131272.6449907481,82.4534236251359
0.007639999999999857,23278332,131272.6449907481,82.4534236251359
0.007649999999999857,23278332,131272.6449907481,82.4534236251359
0.007659999999999856,23278332,131272.6449907481,82.4534236251359
0.007669999999999856,23278332,131272.6449907481,82.4534236251359
0.007679999999999855,23278332,131272.6449907481,82.4534236251359
0.007689999999999855,23278332,131272.6449907481,82.4534236251359
0.0076999999999998545,23278332,131272.6449907481,82.4534236251359
0.007709999999999854,23278332,131272.6449907481,82.4534236251359
0.007719999999999854,23278332,131272.6449907481,82.4534236251359
0.007729999999999853,23278332,131272.6449907481,82.4534236251359
0.007739999999999853,23278332,131272.6449907481,82.4534236251359
0.0077499999999998525,23278332,131272.6449907481,82.4534236251359
0.007759999999999852,23278332,131272.6449907481,82.4534236251359
0.007769999999999852,23278332,131272.6449907481,82.4534236251359
0.007779999999999851,23278332,131272.6449907481,82.4534236251359
0.007789999999999851,23278332,131272.6449907481,82.4534236251359
0.0077999999999998505,23278332,131272.6449907481,82.4534236251359
0.00780999999999985,23278332,131272.6449907481,82.4534236251359
0.00781999999999985,23278332,131272.6449907481,82.4534236251359
0.00782999999999985,23278332,131272.6449907481,82.4534236251359
0.007839999999999849,23278332,131272.6449907481,82.4534236251359
0.007849999999999848,23278332,131272.6449907481,82.4534236251359
0.007859999999999848,23278332,131272.6449907481,82.4534236251359
0.007869999999999848,23278332,131272.6449907481,82.4534236251359
0.007879999999999847,23278332,131272.6449907481,82.4534236251359
0.007889999999999847,23278332,131272.6449907481,82.4534236251359
0.007899999999999846,23278332,131272.6449907481,82.4534236251359
0.007909999999999846,23278332,131272.6449907481,82.4534236251359
0.007919999999999846,23278332,131272.6449907481,82.4534236251359
0.007929999999999845,23278332,131272.6449907481,82.4534236251359
0.007939999999999845,23278332,131272.6449907481,82.4534236251359
0.007949999999999844,23278332,131272.6449907481,82.4534236251359
0.007959999999999844,23278332,131272.6449907481,82.4534236251359
0.007969999999999844,23278332,131272.6449907481,82.4534236251359
0.007979999999999843,23278332,131272.6449907481,82.4534236251359
0.007989999999999843,23278332,131272.6449907481,82.4534236251359
0.007999999999999842,23278332,131272.6449907481,82.4534236251359
0.008009999999999842,23278332,131272.6449907481,82.4534236251359
0.008019999999999841,23278332,131272.6449907481,82.4534236251359
0.008029999999999841,23278332,131272.6449907481,82.4534236251359
0.00803999999999984,23278332,131272.6449907481,82.4534236251359
0.00804999999999984,23278332,131272.6449907481,82.4534236251359
0.00805999999999984,23278332,131272.6449907481,82.4534236251359
0.00806999999999984,23278332,131272.6449907481,82.4534236251359
0.008079999999999839,23278332,131272.6449907481,82.4534236251359
0.008089999999999839,23278332,131272.6449907481,82.4534236251359
0.008099999999999838,23278332,131272.6449907481,82.4534236251359
0.008109999999999838,23278332,131272.6449907481,82.4534236251359
0.008119999999999837,23278332,131272.6449907481,82.4534236251359
0.008129999999999837,23278332,131272.6449907481,82.4534236251359
0.008139999999999837,23278332,131272.6449907481,82.4534236251359
0.008149999999999836,23278332,131272.6449907481,82.4534236251359
0.008159999999999836,23278332,131272.6449907481,82.4534236251359
0.008169999999999835,23278332,131272.6449907481,82.4534236251359
0.008179999999999835,23278332,131272.6449907481,82.4534236251359
0.008189999999999835,23278332,131272.6449907481,82.4534236251359
0.008199999999999834,23278332,131272.6449907481,82.4534236251359
0.008209999999999834,23278332,131272.6449907481,82.4534236251359
0.008219999999999833,23278332,131272.6449907481,82.4534236251359
0.008229999999999833,23278332,131272.6449907481,82.4534236251359
0.008239999999999833,23278332,131272.6449907481,82.4534236251359
0.008249999999999832,23278332,131272.6449907481,82.4534236251359
0.008259999999999832,23278332,131272.6449907481,82.4534236251359
0.008269999999999831,23278332,131272.6449907481,82.4534236251359
0.008279999999999831,23278332,131272.6449907481,82.4534236251359
0.00828999999999983,23278332,131272.6449907481,82.4534236251359
0.00829999999999983,23278332,131272.6449907481,82.4534236251359
0.00830999999999983,23278332,131272.6449907481,82.4534236251359
0.00831999999999983,23278332,131272.6449907481,82.4534236251359
0.008329999999999829,23278332,131272.6449907481,82.4534236251359
0.008339999999999828,23278332,131272.6449907481,82.4534236251359
0.008349999999999828,23278332,131272.6449907481,82.4534236251359
0.008359999999999828,23278332,131272.6449907481,82.4534236251359
0.008369999999999827,23278332,131272.6449907481,82.4534236251359
0.008379999999999827,23278332,131272.6449907481,82.4534236251359
0.008389999999999826,23278332,131272.6449907481,82.4534236251359
0.008399999999999826,23278332,131272.6449907481,82.4534236251359
0.008409999999999826,23278332,131272.6449907481,82.4534236251359
0.008419999999999825,23278332,131272.6449907481,82.4534236251359
0.008429999999999825,23278332,131272.6449907481,82.4534236251359
0.008439999999999824,23278332,131272.6449907481,82.4534236251359
0.008449999999999824,23278332,131272.6449907481,82.4534236251359
0.008459999999999824,23278332,131272.6449907481,82.4534236251359
0.008469999999999823,23278332,131272.6449907481,82.4534236251359
0.008479999999999823,23278332,131272.6449907481,82.4534236251359
0.008489999999999822,23278332,131272.6449907481,82.4534236251359
0.008499999999999822,23278332,131272.6449907481,82.4534236251359
0.008509999999999822,23278332,131272.6449907481,82.4534236251359
0.008519999999999821,23278332,131272.6449907481,82.4534236251359
0.00852999999999982,23278332,131272.6449907481,82.4534236251359
0.00853999999999982,23278332,131272.6449907481,82.4534236251359
0.00854999999999982,23278332,131272.6449907481,82.4534236251359
0.00855999999999982,23278332,131272.6449907481,82.4534236251359
0.008569999999999819,23278332,131272.6449907481,82.4534236251359
0.008579999999999819,23278332,131272.6449907481,82.4534236251359
0.008589999999999818,23278332,131272.6449907481,82.4534236251359
0.008599999999999818,23278332,131272.6449907481,82.4534236251359
0.008609999999999817,23278332,131272.6449907481,82.4534236251359
0.008619999999999817,23278332,131272.6449907481,82.4534236251359
0.008629999999999817,23278332,131272.6449907481,82.4534236251359
0.008639999999999816,23278332,131272.6449907481,82.4534236251359
0.008649999999999816,23278332,131272.6449907481,82.4534236251359
0.008659999999999815,23278332,131272.6449907481,82.4534236251359
0.008669999999999815,23278332,131272.6449907481,82.4534236251359
0.008679999999999815,23278332,131272.6449907481,82.4534236251359
0.008689999999999814,23278332,131272.6449907481,82.4534236251359
0.008699999999999814,23278332,131272.6449907481,82.4534236251359
0.008709999999999813,23278332,131272.6449907481,82.4534236251359
0.008719999999999813,23278332,131272.6449907481,82.4534236251359
0.008729999999999813,23278332,131272.6449907481,82.4534236251359
0.008739999999999812,23278332,131272.6449907481,82.4534236251359
0.008749999999999812,23278332,131272.6449907481,82.4534236251359
0.008759999999999811,23278332,131272.6449907481,82.4534236251359
0.008769999999999811,23278332,131272.6449907481,82.4534236251359
0.00877999999999981,23278332,131272.6449907481,82.4534236251359
0.00878999999999981,23278332,131272.6449907481,82.4534236251359
0.00879999999999981,23278332,131272.6449907481,82.4534236251359
0.00880999999999981,23278332,131272.6449907481,82.4534236251359
0.008819999999999809,23278332,131272.6449907481,82.4534236251359
0.008829999999999808,23278332,131272.6449907481,82.4534236251359
0.008839999999999808,23278332,131272.6449907481,82.4534236251359
0.008849999999999808,23278332,131272.6449907481,82.4534236251359
0.008859999999999807,23278332,131272.6449907481,82.4534236251359
0.008869999999999807,23278332,131272.6449907481,82.4534236251359
0.008879999999999806,23278332,131272.6449907481,82.4534236251359
0.008889999999999806,23278332,131272.6449907481,82.4534236251359
0.008899999999999806,23278332,131272.6449907481,82.4534236251359
0.008909999999999805,23278332,131272.6449907481,82.4534236251359
0.008919999999999805,23278332,131272.6449907481,82.4534236251359
0.008929999999999804,23278332,131272.6449907481,82.4534236251359
0.008939999999999804,23278332,131272.6449907481,82.4534236251359
0.008949999999999804,23278332,131272.6449907481,82.4534236251359
0.008959999999999803,23278332,131272.6449907481,82.4534236251359
0.008969999999999803,23278332,131272.6449907481,82.4534236251359
0.008979999999999802,23278332,131272.6449907481,82.4534236251359
0.008989999999999802,23278332,131272.6449907481,82.4534236251359
0.008999999999999802,23278332,131272.6449907481,82.4534236251359
0.009009999999999801,23278332,131272.6449907481,82.4534236251359
0.0090199999999998,23278332,131272.6449907481,82.4534236251359
0.0090299999999998,23278332,131272.6449907481,82.4534236251359
0.0090399999999998,23278332,131272.6449907481,82.4534236251359
0.0090499999999998,23278332,131272.6449907481,82.4534236251359
0.009059999999999799,23278332,131272.6449907481,82.4534236251359
0.009069999999999799,23278332,131272.6449907481,82.4534236251359
0.009079999999999798,23278332,131272.6449907481,82.4534236251359
0.009089999999999798,23278332,131272.6449907481,82.4534236251359
0.009099999999999797,23278332,131272.6449907481,82.4534236251359
0.009109999999999797,23278332,131272.6449907481,82.4534236251359
0.009119999999999797,23278332,131272.6449907481,82.4534236251359
0.009129999999999796,23278332,131272.6449907481,82.4534236251359
0.009139999999999796,23278332,131272.6449907481,82.4534236251359
0.009149999999999795,23278332,131272.6449907481,82.4534236251359
0.009159999999999795,23278332,131272.6449907481,82.4534236251359
0.009169999999999795,23278332,131272.6449907481,82.4534236251359
0.009179999999999794,23278332,131272.6449907481,82.4534236251359
0.009189999999999794,23278332,131272.6449907481,82.4534236251359
0.009199999999999793,23278332,131272.6449907481,82.4534236251359
0.009209999999999793,23278332,131272.6449907481,82.4534236251359
0.009219999999999793,23278332,131272.6449907481,82.4534236251359
0.009229999999999792,23278332,131272.6449907481,82.4534236251359
0.009239999999999792,23278332,131272.6449907481,82.4534236251359
0.009249999999999791,23278332,131272.6449907481,82.4534236251359
0.009259999999999791,23278332,131272.6449907481,82.4534236251359
0.00926999999999979,23278332,131272.6449907481,82.4534236251359
0.00927999999999979,23278332,131272.6449907481,82.4534236251359
0.00928999999999979,23278332,131272.6449907481,82.4534236251359
0.00929999999999979,23278332,131272.6449907481,82.4534236251359
0.009309999999999789,23278332,131272.6449907481,82.4534236251359
0.009319999999999789,23278332,131272.6449907481,82.4534236251359
0.009329999999999788,23278332,131272.6449907481,82.4534236251359
0.009339999999999788,23278332,131272.6449907481,82.4534236251359
0.009349999999999787,23278332,131272.6449907481,82.4534236251359
0.009359999999999787,23278332,131272.6449907481,82.4534236251359
0.009369999999999786,23278332,131272.6449907481,82.4534236251359
0.009379999999999786,23278332,131272.6449907481,82.4534236251359
0.009389999999999786,23278332,131272.6449907481,82.4534236251359
0.009399999999999785,23278332,131272.6449907481,82.4534236251359
0.009409999999999785,23278332,131272.6449907481,82.4534236251359
0.009419999999999784,23278332,131272.6449907481,82.4534236251359
0.009429999999999784,23278332,131272.6449907481,82.4534236251359
0.009439999999999784,23278332,131272.6449907481,82.4534236251359
0.009449999999999783,23278332,131272.6449907481,82.4534236251359
0.009459999999999783,23278332,131272.6449907481,82.4534236251359
0.009469999999999782,23278332,131272.6449907481,82.4534236251359
0.009479999999999782,23278332,131272.6449907481,82.4534236251359
0.009489999999999782,23278332,131272.6449907481,82.4534236251359
0.009499999999999781,23278332,131272.6449907481,82.4534236251359
0.00950999999999978,23278332,131272.6449907481,82.4534236251359
0.00951999999999978,23278332,131272.6449907481,82.4534236251359
0.00952999999999978,23278332,131272.6449907481,82.4534236251359
0.00953999999999978,23278332,131272.6449907481,82.4534236251359
0.00954999999999978,23278332,131272.6449907481,82.4534236251359
0.009559999999999779,23278332,131272.6449907481,82.4534236251359
0.009569999999999778,23278332,131272.6449907481,82.4534236251359
0.009579999999999778,23278332,131272.6449907481,82.4534236251359
0.009589999999999778,23278332,131272.6449907481,82.4534236251359
0.009599999999999777,23278332,131272.6449907481,82.4534236251359
0.009609999999999777,23278332,131272.6449907481,82.4534236251359
0.009619999999999776,23278332,131272.6449907481,82.4534236251359
0.009629999999999776,23278332,131272.6449907481,82.4534236251359
0.009639999999999775,23278332,131272.6449907481,82.4534236251359
0.009649999999999775,23278332,131272.6449907481,82.4534236251359
0.009659999999999775,23278332,131272.6449907481,82.4534236251359
0.009669999999999774,23278332,131272.6449907481,82.4534236251359
0.009679999999999774,23278332,131272.6449907481,82.4534236251359
0.009689999999999773,23278332,131272.6449907481,82.4534236251359
0.009699999999999773,23278332,131272.6449907481,82.4534236251359
0.009709999999999773,23278332,131272.6449907481,82.4534236251359
0.009719999999999772,23278332,131272.6449907481,82.4534236251359
0.009729999999999772,23278332,131272.6449907481,82.4534236251359
0.009739999999999771,23278332,131272.6449907481,82.4534236251359
0.009749999999999771,23278332,131272.6449907481,82.4534236251359
0.00975999999999977,23278332,131272.6449907481,82.4534236251359
0.00976999999999977,23278332,131272.6449907481,82.4534236251359
0.00977999999999977,23278332,131272.6449907481,82.4534236251359
0.00978999999999977,23278332,131272.6449907481,82.4534236251359
0.009799999999999769,23278332,131272.6449907481,82.4534236251359
0.009809999999999769,23278332,131272.6449907481,82.4534236251359
0.009819999999999768,23278332,131272.6449907481,82.4534236251359
0.009829999999999768,23278332,131272.6449907481,82.4534236251359
0.009839999999999767,23278332,131272.6449907481,82.4534236251359
0.009849999999999767,23278332,131272.6449907481,82.4534236251359
0.009859999999999767,23278332,131272.6449907481,82.4534236251359
0.009869999999999766,23278332,131272.6449907481,82.4534236251359
0.009879999999999766,23278332,131272.6449907481,82.4534236251359
0.009889999999999765,23278332,131272.6449907481,82.4534236251359
0.009899999999999765,23278332,131272.6449907481,82.4534236251359
0.009909999999999764,23278332,131272.6449907481,82.4534236251359
0.009919999999999764,23278332,131272.6449907481,82.4534236251359
0.009929999999999764,23278332,131272.6449907481,82.4534236251359
0.009939999999999763,23278332,131272.6449907481,82.4534236251359
0.009949999999999763,23278332,131272.6449907481,82.4534236251359
0.009959999999999762,23278332,131272.6449907481,82.4534236251359
0.009969999999999762,23278332,131272.6449907481,82.4534236251359
0.009979999999999762,23278332,131272.6449907481,82.4534236251359
0.009989999999999761,23278332,131272.6449907481,82.4534236251359
0.00999999999999976,23278332,131272.6449907481,82.4534236251359